frame,x1,y1,x2,y2,confidence,class_id
0,17.628693,107.83127,363.28946,719.95215,0.9513614,4.0
0,541.2653,2.4044495,767.0903,566.6201,0.9411583,0.0
0,109.0753,108.564514,310.18677,341.04248,0.8908775,1.0
1,17.776596,108.81949,365.81616,719.98315,0.9489646,4.0
1,536.1585,2.2575989,764.3748,566.7385,0.9368157,0.0
1,109.88887,108.91713,280.841,351.60608,0.8373016,1.0
2,17.368256,107.49335,365.36618,719.4898,0.95408124,4.0
2,534.18243,2.5256348,760.47784,566.4873,0.9337514,0.0
2,106.18635,108.25824,271.04138,358.51233,0.8302795,1.0
3,15.160263,105.416595,362.48822,720.0,0.9527329,4.0
3,532.7514,2.9708557,752.80084,566.11633,0.9284309,0.0
3,112.283394,105.900665,278.4879,346.40604,0.5658745,1.0
3,178.98752,283.89197,355.26163,420.64673,0.13149333,5.0
4,16.391449,102.809845,361.37772,720.0,0.9581836,4.0
4,530.819,3.8451843,746.094,566.385,0.9301133,0.0
4,118.36945,101.0581,279.0943,332.2774,0.244295,1.0
5,16.225204,97.01358,369.06403,720.0,0.9574247,4.0
5,529.6419,3.9710083,738.44073,566.3206,0.9320206,0.0
5,126.25504,95.03091,286.5293,341.01672,0.43677887,1.0
6,10.9943695,91.4592,379.70465,719.2374,0.9590841,4.0
6,527.88617,3.8302002,730.63605,565.90967,0.9390087,0.0
7,8.382553,88.91049,411.15912,718.1111,0.96216846,4.0
7,524.269,3.4892578,725.9659,565.2624,0.9424397,0.0
8,3.043747,89.67038,491.95605,719.0762,0.9713943,4.0
8,518.2154,2.9759827,719.34906,564.1843,0.94756925,0.0
8,200.05994,180.09445,505.64532,320.58792,0.9136668,5.0
9,3.946289,94.56619,527.5756,718.9839,0.9747593,4.0
9,514.34174,4.188385,715.19244,562.70496,0.9503211,0.0
9,238.15953,178.1848,534.3353,311.06714,0.9138843,5.0
10,5.386627,98.36127,536.8778,718.95825,0.9704175,4.0
10,517.79236,6.142212,719.7219,561.67377,0.9504676,0.0
10,259.6267,172.46545,538.3926,308.03223,0.9259994,5.0
11,5.419739,97.75641,535.6632,717.5237,0.9709195,4.0
11,521.8766,4.810913,733.391,559.72217,0.94878596,0.0
11,244.34476,183.5929,548.2959,322.01318,0.9226071,5.0
12,4.7414246,98.61664,541.55725,717.92615,0.9747036,4.0
12,528.21277,3.539215,742.244,560.3082,0.94503266,0.0
12,233.04425,190.86957,555.0324,336.0794,0.92237985,5.0
13,4.469635,99.99448,524.58997,720.0,0.97546345,4.0
13,541.905,3.4597778,747.9302,561.0665,0.94167614,0.0
13,251.38838,198.85889,531.80566,355.57568,0.92088974,5.0
13,187.259,95.60415,332.18765,340.35107,0.13583978,1.0
14,2.2642822,100.43698,500.47687,719.87756,0.9717772,4.0
14,548.15216,3.8217163,751.2558,564.33777,0.9437888,0.0
14,248.74702,224.64241,508.8128,369.1352,0.84035367,5.0
15,1.92453,101.32968,480.77188,720.0,0.9690591,4.0
15,548.6355,3.2881165,760.9364,567.38965,0.94383985,0.0
15,246.46649,229.8196,486.1125,370.65033,0.9113384,5.0
16,1.3599243,106.17688,464.98615,719.40186,0.9717123,4.0
16,544.37665,2.9873657,778.03827,566.5752,0.94479114,0.0
16,260.54547,249.41516,469.58398,372.96478,0.91238916,5.0
16,195.30069,103.711426,340.77805,323.4814,0.5810267,1.0
17,1.7820435,109.20926,452.83923,719.16846,0.9672652,4.0
17,540.0492,2.5621338,788.3556,564.1719,0.94328403,0.0
17,250.73267,235.89105,454.0016,385.07843,0.9047151,5.0
17,196.83882,106.57205,346.25,319.33728,0.24309318,1.0
18,4.360916,109.067505,437.36462,719.16876,0.9607705,4.0
18,539.2114,1.7491455,797.3634,564.17456,0.94007826,0.0
18,195.20117,107.277405,353.04688,300.1742,0.39908803,1.0
19,1.8155823,106.31473,425.39624,719.56165,0.9632237,4.0
19,540.3144,1.4281616,803.73224,565.2807,0.9383485,0.0
20,3.8465118,104.70206,408.1808,720.0,0.95827705,4.0
20,545.406,1.7779236,805.7307,564.9369,0.93997383,0.0
20,159.08868,104.542694,368.56177,344.34073,0.78671706,1.0
21,7.5752106,102.710785,395.78217,720.0,0.9536292,4.0
21,550.92017,1.7421265,805.6183,564.4039,0.93975514,0.0
21,158.02359,103.06921,368.63022,339.79938,0.91503286,1.0
22,7.875168,100.7016,388.87506,720.0,0.95495826,4.0
22,556.91425,2.375824,804.5682,562.9834,0.93896824,0.0
22,151.85046,101.345764,361.83386,342.5512,0.9147339,1.0
23,9.401978,100.70099,387.2805,720.0,0.95541817,4.0
23,558.0338,2.7732239,803.72656,562.63354,0.940083,0.0
23,141.6593,100.63954,359.6992,340.77966,0.9082864,1.0
24,13.670303,102.42468,385.51147,720.0,0.9544617,4.0
24,554.29364,2.3091125,803.72577,563.38635,0.93956256,0.0
24,135.4541,102.472374,351.5305,349.08713,0.9107495,1.0
25,14.493576,105.29706,382.23712,720.0,0.95432484,4.0
25,550.6757,2.9369507,803.3106,564.4165,0.93933433,0.0
25,132.5289,105.42609,339.68204,354.68457,0.9092745,1.0
26,14.610748,109.10513,382.36984,720.0,0.9517805,4.0
26,545.91125,3.2494812,802.01025,564.2081,0.9380427,0.0
26,132.4903,109.02191,314.75204,363.11493,0.9119734,1.0
27,14.871109,109.71719,388.77502,719.55164,0.9539984,4.0
27,543.58545,3.5201416,797.25476,563.4608,0.9375888,0.0
27,131.83403,110.28339,305.65192,365.2196,0.9049541,1.0
28,15.196671,109.53436,387.2838,720.0,0.9533632,4.0
28,545.0845,3.7686768,789.3021,563.2351,0.93841815,0.0
28,129.01855,110.057755,309.82953,368.02228,0.8786904,1.0
29,15.608902,105.6871,382.49994,720.0,0.9580238,4.0
29,546.7623,4.2365723,780.5874,563.07367,0.94091123,0.0
29,137.70009,106.33957,309.9937,372.01114,0.7649072,1.0
30,14.336914,99.99594,384.18375,720.0,0.9602873,4.0
30,548.21906,4.4638367,770.9135,563.0858,0.9404625,0.0
30,140.95764,98.95586,315.79184,361.60565,0.2353223,1.0
31,12.925217,92.31555,398.98987,720.0,0.9618275,4.0
31,546.0065,3.763733,761.17346,562.3069,0.93703634,0.0
31,146.56085,91.545715,317.614,323.75116,0.3132439,1.0
32,5.6977386,87.9754,418.98517,720.0,0.96017724,4.0
32,544.34344,3.1256104,751.6827,562.1767,0.93673164,0.0
32,229.0557,252.82895,417.0967,359.2211,0.81668,5.0
33,2.5494995,88.490906,466.68402,718.97076,0.9660496,4.0
33,538.6995,2.5535889,743.3901,561.8933,0.93887156,0.0
33,212.6522,220.29456,471.9292,334.70264,0.90377694,5.0
34,4.0589905,93.116455,534.5155,718.5503,0.9727682,4.0
34,531.75397,3.70578,732.74945,561.5145,0.94094646,0.0
34,220.1889,183.81036,543.61224,316.64032,0.91184056,5.0
35,2.3354797,95.902435,550.9066,719.26697,0.971617,4.0
35,531.0291,4.1040955,726.2507,559.44507,0.9471002,0.0
35,225.24484,180.63364,558.05554,313.3336,0.9062246,5.0
36,5.6957703,97.558655,554.6498,718.29553,0.9756621,4.0
36,532.9724,4.6622925,734.2803,558.3642,0.9402166,0.0
36,250.03008,179.64697,565.0172,318.5985,0.90918386,5.0
37,5.1119995,99.532776,557.01587,718.50385,0.976213,4.0
37,543.13574,4.431305,745.35046,556.5054,0.9375701,0.0
37,250.4121,192.54605,570.7536,326.30612,0.91184545,5.0
38,5.030792,99.82556,553.31616,718.6553,0.97707057,4.0
38,554.0417,3.125763,753.0528,555.0829,0.9461423,0.0
38,242.56366,199.54872,567.0945,337.52875,0.91356856,5.0
39,4.6242065,99.04349,533.60535,720.0,0.97359806,4.0
39,563.2726,2.6212463,756.58936,557.22217,0.9452519,0.0
39,244.60666,211.17368,541.3506,354.85318,0.9244289,5.0
40,1061.6737,141.831,1271.6395,447.07208,0.91344327,1.0
40,1043.0065,139.25623,1274.2003,715.2554,0.90905845,4.0
40,458.51807,0.0,837.16187,717.36426,0.9052104,0.0
41,1054.0071,141.86389,1274.9465,714.3844,0.90313053,4.0
41,453.24796,0.0,842.7479,718.0742,0.8946295,0.0
41,1077.7689,143.69348,1273.2557,454.64563,0.87404394,1.0
42,1068.4231,142.6477,1274.1714,714.52563,0.8986663,4.0
42,452.11862,0.0,844.6875,718.26874,0.89739835,0.0
42,1089.357,146.18356,1272.7123,443.46085,0.7879272,1.0
43,452.87317,0.0,844.8959,718.45654,0.9030189,0.0
43,1076.5403,145.24377,1274.0173,714.88214,0.90097433,4.0
43,1099.0715,146.16086,1272.5063,477.39688,0.73193634,1.0
44,457.85837,0.0,842.1107,718.95844,0.9123223,0.0
44,1083.9199,151.48346,1273.7502,715.5549,0.90870917,4.0
44,1106.36,150.82767,1272.8214,496.64612,0.8871975,1.0
45,464.61694,0.0,841.4363,718.3052,0.92498505,0.0
45,1078.5822,148.85672,1274.3629,715.68713,0.9185039,4.0
45,1095.9572,148.89397,1273.5228,477.235,0.82941765,1.0
46,472.26443,1.5908508,841.3545,713.18555,0.9273754,0.0
46,1066.8567,145.77249,1275.3442,718.42175,0.9180209,4.0
46,1083.6617,148.15762,1274.4401,466.07718,0.8899151,1.0
47,482.46274,1.1727905,838.30115,713.4878,0.93109363,0.0
47,1053.9832,143.3978,1275.4529,719.30884,0.9153658,4.0
47,1089.9575,145.13928,1273.4216,492.98944,0.88101596,1.0
48,495.92374,1.2506104,844.1228,714.53046,0.9332016,0.0
48,1063.847,140.57,1275.8099,718.98083,0.9106455,4.0
48,1097.861,141.57858,1273.3456,457.9482,0.865209,1.0
49,508.79352,1.2339172,845.22406,715.7095,0.93625253,0.0
49,1067.2096,133.94733,1276.4366,716.7305,0.92557734,4.0
49,1098.6462,135.58821,1273.5417,446.8405,0.7245349,1.0
50,523.24304,0.6878662,846.70044,715.2037,0.9317109,0.0
50,1050.1409,127.11258,1276.6057,710.83057,0.87967575,4.0
50,1083.1935,128.42726,1277.3663,511.83582,0.44801664,1.0
51,540.0419,1.538147,848.8125,714.9826,0.89440036,0.0
51,1008.2654,125.7341,1275.513,717.3026,0.8606658,4.0
51,1074.0188,129.7956,1274.4294,445.82312,0.83346796,1.0
52,562.4048,1.6711731,853.7407,712.9298,0.845144,0.0
52,958.2803,141.67868,1272.2498,708.5215,0.70485526,4.0
52,1076.8005,131.23764,1271.6633,428.28073,0.61721766,1.0
52,966.6892,324.96295,1254.7576,545.6374,0.5294456,5.0
53,581.0586,0.4721985,854.5513,712.3424,0.92966354,0.0
53,878.94617,332.85706,1263.2843,523.8863,0.8042626,5.0
53,877.4583,152.09216,1270.8086,710.3165,0.33425295,4.0
54,591.7602,1.1555176,864.9217,712.198,0.9359106,0.0
54,792.5962,128.78625,1272.1904,720.0,0.6635999,4.0
54,792.89526,304.48163,1257.7756,517.94324,0.6370029,5.0
55,593.6633,1.9375,858.33655,713.0154,0.93799186,0.0
55,795.698,304.78824,1249.8477,512.9881,0.78590584,5.0
55,793.7275,131.00284,1272.1705,720.0,0.61846143,4.0
56,592.9883,2.2013245,845.8191,712.5604,0.9423564,0.0
56,816.7751,323.3643,1254.1036,525.412,0.85647875,5.0
56,810.6736,258.42743,1268.2559,612.34863,0.36697245,4.0
57,586.77325,1.7031555,843.8653,712.42334,0.940229,0.0
57,816.9905,328.36664,1259.9722,554.2187,0.8179032,5.0
57,814.11554,134.63068,1271.5636,714.4528,0.337725,4.0
58,577.6628,2.2798157,843.45026,712.56885,0.91197336,0.0
58,820.49176,131.2673,1272.1422,719.4961,0.85693073,4.0
58,812.1912,379.67163,1267.7191,580.416,0.7951275,5.0
59,820.2573,127.5885,1269.1772,719.4171,0.9456834,4.0
59,572.65393,0.0,848.5216,720.0,0.86834353,0.0
59,810.4844,378.6539,1264.8555,610.2921,0.8534031,5.0
60,560.89716,0.0,855.138,718.0045,0.82382095,0.0
60,829.9123,333.64734,1264.8236,607.63275,0.8226952,5.0
60,833.4161,122.98505,1272.3129,720.0,0.77690333,4.0
61,857.02106,127.14264,1270.3269,718.6249,0.9121508,4.0
61,854.0235,378.55725,1270.9341,574.08844,0.86138177,5.0
61,546.0684,0.64450073,858.1778,714.28723,0.8121778,0.0
62,542.4947,0.68063354,858.363,714.3865,0.842716,0.0
62,886.8103,343.1358,1264.9268,560.85754,0.8206559,5.0
62,884.01196,143.43216,1272.6357,703.3905,0.5633427,4.0
63,927.6559,134.595,1272.7448,717.7229,0.91514975,4.0
63,545.75525,1.7766418,854.8174,713.8956,0.828622,0.0
64,980.5033,149.40552,1273.2443,715.69574,0.94374377,4.0
64,987.283,153.40604,1271.1725,449.58115,0.9071861,1.0
64,548.7434,1.7761536,849.38196,714.7206,0.83843875,0.0
65,1040.2269,153.61938,1274.5033,714.96063,0.9175882,4.0
65,1051.9901,154.60866,1272.2499,493.31183,0.87337804,1.0
65,551.2382,0.0,846.0683,718.6279,0.86838555,0.0
66,1056.1089,157.56769,1273.7358,714.8781,0.9266637,4.0
66,548.9218,0.0,846.93854,718.5368,0.8734451,0.0
66,1067.591,158.71396,1272.4952,441.1804,0.8187412,1.0
67,1056.5775,155.90588,1274.8959,715.3403,0.9148468,4.0
67,549.5096,0.0,850.6733,718.5824,0.8492296,0.0
67,1071.3766,157.52771,1272.3654,499.50916,0.3893715,1.0
68,1069.2012,153.22348,1272.0332,720.0,0.9313183,4.0
68,1077.969,161.42763,1274.6758,503.08557,0.912676,1.0
68,547.97845,0.0,858.1325,718.3103,0.81261003,0.0
69,1058.6992,160.79568,1271.492,717.44165,0.92487836,4.0
69,1066.1471,163.59888,1274.0128,468.6673,0.8884071,1.0
69,551.1926,0.0,865.2379,719.2521,0.8430177,0.0
70,1057.7982,165.50607,1274.1725,718.24255,0.9199719,4.0
70,1075.1421,165.35881,1273.2258,519.841,0.88798636,1.0
70,553.9107,0.0,865.5319,719.4943,0.8708858,0.0
71,1060.5616,166.03397,1272.0485,713.27136,0.9400425,4.0
71,560.15173,1.0116882,867.7446,713.5216,0.90735716,0.0
71,1077.9451,166.02045,1273.3896,473.86707,0.9005347,1.0
71,1071.0872,461.17856,1274.8921,646.82153,0.5958852,5.0
72,1069.0836,161.23276,1271.8392,710.11255,0.92423135,4.0
72,568.2401,1.1271057,863.5088,714.042,0.91323924,0.0
72,1084.4037,161.41301,1273.5829,479.47772,0.8969942,1.0
73,1083.761,146.38449,1273.7234,720.0,0.934372,4.0
73,577.17334,0.47140503,857.8262,713.48425,0.92104965,0.0
73,1091.3906,157.2715,1274.6248,529.0021,0.52888316,1.0
74,585.30566,0.09036255,857.55725,713.5541,0.9273391,0.0
74,1080.0756,150.5513,1277.5177,717.12317,0.8927755,4.0
74,1085.5879,150.07898,1275.0281,502.69366,0.3904028,1.0
75,591.224,0.11972046,858.69446,711.9348,0.92855054,0.0
75,1041.2008,148.582,1273.2081,717.1034,0.9076007,4.0
75,1072.0781,149.51733,1272.155,448.89594,0.44708258,1.0
76,597.19196,0.011474609,869.4534,710.998,0.92871016,0.0
76,977.4956,307.5675,1265.0996,503.30206,0.8697696,5.0
76,958.15594,85.16815,1270.1749,720.0,0.52726436,4.0
77,602.4284,0.03289795,879.5629,709.7494,0.93472636,0.0
77,839.68274,136.26971,1270.4291,716.2775,0.9290318,4.0
77,828.1548,283.1835,1264.9221,469.4929,0.8976516,5.0
78,598.6865,0.46115112,871.7589,710.531,0.9361833,0.0
78,798.0508,139.13129,1269.8906,714.21356,0.93043,4.0
78,795.1949,277.90558,1234.4636,469.4461,0.90122694,5.0
79,591.2589,1.5375366,846.1223,711.0214,0.9359617,0.0
79,811.3364,143.21307,1269.0322,714.74994,0.91745466,4.0
79,816.30853,292.3552,1239.7393,475.48196,0.889748,5.0
80,572.7278,2.5195007,837.16516,709.16504,0.902016,0.0
80,830.7622,327.37097,1242.7632,498.66992,0.90009516,5.0
80,827.7884,153.95572,1270.7882,720.0,0.6974952,4.0
81,552.5524,2.287384,831.07965,711.704,0.92804605,0.0
81,864.34314,336.64944,1243.6986,528.128,0.90644324,5.0
81,863.8225,150.76978,1267.8911,717.2577,0.55234337,4.0
82,525.5527,1.7330322,830.55804,711.95905,0.9331671,0.0
82,887.7273,331.84265,1264.3145,560.3322,0.86072433,5.0
82,887.89984,332.26865,1264.1104,558.31165,0.49011296,4.0
83,498.85083,1.3652344,830.662,711.61127,0.9333807,0.0
83,907.6775,333.10312,1267.7493,561.2178,0.79825306,5.0
83,907.4533,321.01108,1266.7998,574.1256,0.5880033,4.0
84,916.8046,153.25089,1272.5188,718.09644,0.93967134,4.0
84,475.42755,1.1848145,836.9471,709.97107,0.9240949,0.0
85,932.1627,150.29999,1270.5504,718.63495,0.9643529,4.0
85,457.42517,0.93829346,841.6721,708.5931,0.9094743,0.0
86,949.16284,143.25708,1266.7712,716.6731,0.9499032,4.0
86,447.58713,1.3049622,841.1279,708.0359,0.88508683,0.0
86,1006.0009,155.6362,1263.9504,450.3358,0.4341294,1.0
87,982.93994,152.25992,1271.9939,713.5392,0.9394781,4.0
87,436.7586,1.0728455,828.6706,709.58997,0.90607727,0.0
87,1019.5758,155.06175,1268.1041,440.22614,0.7430204,1.0
88,1012.53644,146.80429,1272.7588,713.75476,0.9256833,4.0
88,433.02615,0.59820557,820.50574,708.3832,0.92320466,0.0
88,1047.9121,152.58656,1270.9368,434.23407,0.8510513,1.0
89,431.12808,0.034301758,812.17615,706.98694,0.9283961,0.0
89,1030.4939,144.14154,1273.4629,713.88385,0.87324256,4.0
89,1051.3685,145.2324,1271.7491,448.11395,0.615557,1.0
90,424.71542,0.0,808.2671,705.85803,0.93029886,0.0
90,1040.4382,143.0369,1272.8755,713.0642,0.87442625,4.0
90,1053.319,140.52734,1271.2462,465.11536,0.5766119,1.0
91,420.9407,0.0,809.8701,705.89404,0.930936,0.0
91,1044.7003,145.97205,1274.0624,713.2154,0.90158623,4.0
91,1058.3302,145.9544,1272.7692,500.01752,0.39862898,1.0
92,420.67358,0.0,808.86304,706.5299,0.9328997,0.0
92,1047.8743,156.7392,1274.3298,713.61615,0.9213747,4.0
92,1062.1432,157.42882,1272.9784,520.343,0.7786229,1.0
93,1052.3711,163.27225,1272.5422,719.51086,0.9313286,4.0
93,421.77057,0.0,814.29425,707.04254,0.9311227,0.0
93,1071.35,167.48239,1274.0831,524.0132,0.9039041,1.0
94,426.80392,0.0,817.6384,708.50977,0.92923623,0.0
94,1048.5698,174.5675,1276.3613,715.39636,0.92715424,4.0
94,1068.3838,175.50697,1274.5005,478.6162,0.8930407,1.0
95,435.53043,0.0,814.87646,710.2599,0.9284152,0.0
95,1069.7965,176.95993,1274.224,496.86548,0.89773136,1.0
95,1031.403,178.94684,1276.5594,720.0,0.89241266,4.0
96,1043.5939,175.59927,1276.9694,716.2472,0.9226333,4.0
96,446.75702,0.0,814.4003,712.27295,0.9151908,0.0
96,1074.5447,176.23122,1274.207,499.40906,0.7275505,1.0
97,1046.6453,170.11615,1276.3247,716.2102,0.930008,4.0
97,460.91418,0.0,811.4629,713.01245,0.89075595,0.0
97,1069.6104,171.35611,1272.9016,503.18225,0.685709,1.0
98,476.46643,0.0,818.41785,715.9651,0.90473026,0.0
98,1028.3767,161.8371,1273.9004,713.90594,0.8943623,4.0
98,1059.8816,162.53275,1271.7795,555.9691,0.78215235,1.0
99,494.69266,0.0,815.8932,716.1825,0.92053443,0.0
99,995.45496,152.0346,1273.0399,716.48016,0.917317,4.0
99,1062.387,155.72879,1268.5955,428.3259,0.8415885,1.0
100,512.33984,0.87164307,820.8722,711.6271,0.92937213,0.0
100,927.4928,150.62485,1271.18,704.78455,0.7914185,4.0
100,1057.2003,152.90727,1266.4354,400.51935,0.7732108,1.0
100,933.2075,318.59006,1259.5461,498.89276,0.46207035,5.0
101,533.041,1.2319031,826.1045,711.60583,0.9328144,0.0
101,820.2395,138.17929,1268.1731,715.2241,0.9304055,4.0
101,812.13635,295.95847,1253.4625,467.8491,0.92378813,5.0
102,753.70984,128.59265,1263.7435,716.5269,0.9477441,4.0
102,543.7456,0.124053955,831.5205,711.9109,0.9250588,0.0
102,748.0946,263.08698,1250.6736,457.52142,0.91578096,5.0
103,756.7196,136.48178,1261.8539,716.71387,0.95742065,4.0
103,549.1516,0.0,813.2461,711.00134,0.93415517,0.0
103,749.18054,261.45572,1234.3829,454.07785,0.91608924,5.0
104,761.415,140.32663,1261.2317,717.4071,0.95287985,4.0
104,549.4705,2.6339111,797.7059,708.734,0.9418856,0.0
104,757.30286,278.8725,1229.8958,468.8316,0.9252261,5.0
105,538.5757,3.2641907,788.3634,712.6924,0.93942356,0.0
105,765.624,147.51505,1267.3748,717.4425,0.9151065,4.0
105,766.9954,298.01584,1228.7302,481.2346,0.8075976,5.0
106,520.8635,2.7140808,793.5509,710.52563,0.9381433,0.0
106,778.404,141.37134,1271.1011,718.98816,0.8962763,4.0
106,778.3536,313.23914,1236.2351,496.44073,0.8712788,5.0
107,504.66772,0.37695312,797.54297,712.7107,0.929414,0.0
107,793.1319,332.82288,1236.9445,515.7527,0.8654765,5.0
107,789.98096,143.06247,1270.355,718.44946,0.4694757,4.0
108,485.72498,0.2774048,809.76306,712.682,0.91466945,0.0
108,812.5255,332.0606,1243.2094,522.20667,0.89398736,5.0
108,809.6787,134.67957,1269.4668,718.82605,0.3459631,4.0
109,475.26147,0.122039795,821.3535,710.7129,0.921903,0.0
109,842.8297,322.34137,1248.4574,532.1079,0.8918768,5.0
109,843.1981,264.02734,1254.849,595.6064,0.44331577,4.0
110,469.5678,0.06454468,826.4537,710.3568,0.9171299,0.0
110,880.8997,188.51399,1264.0878,674.6483,0.8279272,4.0
110,881.157,299.6745,1261.2549,542.45746,0.34395182,5.0
110,1029.4753,148.77704,1256.8279,416.94006,0.33714548,1.0
111,916.052,145.20425,1272.6975,715.0884,0.92819065,4.0
111,467.95605,0.6708374,834.3756,712.06226,0.916087,0.0
111,931.93933,147.65201,1253.4337,437.1799,0.72426677,1.0
112,959.1546,146.12439,1271.4832,714.2099,0.94146377,4.0
112,470.02014,0.0,831.66956,714.39417,0.9168682,0.0
112,989.36743,146.97679,1260.2903,456.56903,0.39417613,1.0
113,993.5871,148.05927,1271.6477,714.3707,0.9416158,4.0
113,477.73804,0.0,821.36646,713.177,0.91612613,0.0
113,1010.0175,149.5054,1265.6489,468.3024,0.651276,1.0
114,1004.0314,151.67322,1272.213,714.7815,0.93960714,4.0
114,487.84515,0.0,812.63385,712.23755,0.9189535,0.0
114,1011.78864,154.84514,1269.6337,439.0039,0.7749276,1.0
115,1008.05054,149.67548,1269.9419,716.9157,0.9397461,4.0
115,493.53033,0.0,812.9567,712.275,0.92076606,0.0
115,1022.3781,160.52931,1270.2146,448.05786,0.83856803,1.0
116,1015.2344,158.64276,1269.9502,720.0,0.9413965,4.0
116,498.03543,0.0,811.63684,712.5941,0.9267055,0.0
116,1036.2921,164.23502,1271.0707,462.92154,0.8820753,1.0
117,503.786,0.7710571,818.235,711.86005,0.92849356,0.0
117,1014.6576,164.44855,1274.4752,714.90643,0.9198731,4.0
117,1040.7057,163.55846,1271.5387,548.24603,0.79533565,1.0
118,508.11346,1.0523682,831.00165,712.512,0.9303787,0.0
118,1029.9287,155.08987,1270.5247,720.0,0.9036732,4.0
118,1047.7157,165.91243,1271.8969,548.7321,0.6294764,1.0
119,514.34595,0.6751404,839.1376,713.3685,0.9281958,0.0
119,1041.5688,160.82172,1274.5898,715.1612,0.87970966,4.0
119,1056.6622,160.9954,1270.9594,556.705,0.7805248,1.0
120,525.73096,0.50717163,839.47266,713.1704,0.92379755,0.0
120,1041.872,155.22324,1275.8265,714.9335,0.891045,4.0
120,1062.852,157.84102,1271.2156,511.7945,0.78350204,1.0
121,1042.7742,150.93185,1272.373,715.0659,0.9219031,4.0
121,539.5454,0.0,847.6157,716.0325,0.9132628,0.0
121,1071.3396,153.46837,1270.189,432.70325,0.7035809,1.0
122,561.5644,1.5654602,839.25604,711.15063,0.86892766,0.0
122,980.48596,129.76776,1267.4093,720.0,0.84204715,4.0
122,983.84955,297.67477,1267.3306,508.83423,0.54079854,5.0
123,888.5067,268.40054,1257.2523,461.3417,0.9201148,5.0
123,580.6356,0.0,848.0094,716.1504,0.9150872,0.0
123,894.2553,133.90973,1269.7617,718.4897,0.8891411,4.0
124,776.66364,242.8948,1253.5463,436.40854,0.933404,5.0
124,582.5752,0.0,860.8495,711.9682,0.9237839,0.0
124,776.28516,131.17294,1261.8466,715.5753,0.8401717,4.0
125,759.4945,133.14175,1261.3553,717.5879,0.95034343,4.0
125,575.39087,0.0,856.6172,713.4027,0.90992576,0.0
125,757.85376,232.69058,1242.2173,428.00015,0.89473176,5.0
126,772.1179,144.54175,1260.1501,717.7484,0.93421865,4.0
126,772.44214,247.39203,1246.5114,429.03137,0.9191445,5.0
126,574.074,0.18917847,835.0122,709.75635,0.9019221,0.0
127,809.8219,148.78156,1267.3734,717.08167,0.9487982,4.0
127,570.57983,1.2238159,827.687,707.4669,0.9216114,0.0
127,802.7892,269.6659,1255.0868,445.6433,0.84500885,5.0
128,829.75037,144.12308,1268.1373,716.3312,0.93448836,4.0
128,559.3516,0.0,828.5983,711.12225,0.92992145,0.0
128,829.7692,295.69177,1259.1777,468.2304,0.92155796,5.0
129,550.65173,0.0,832.02515,716.087,0.9234432,0.0
129,853.0265,307.4162,1258.577,496.97974,0.9207311,5.0
129,854.2803,143.59045,1272.634,719.9821,0.7983892,4.0
130,530.4706,1.1182556,828.8584,711.7434,0.9304163,0.0
130,877.08624,311.8712,1261.2206,517.30255,0.9044357,5.0
130,875.96924,139.16995,1271.31,720.0,0.8160358,4.0
131,513.09973,0.9102173,836.87695,712.1008,0.9322743,0.0
131,903.66797,314.3054,1267.3574,528.6216,0.8188182,5.0
131,901.5268,138.52225,1273.4219,718.2462,0.4438567,4.0
132,504.18076,1.2145996,846.08215,711.5829,0.93107784,0.0
132,925.0898,139.13004,1272.2836,715.22986,0.9252413,4.0
133,952.3133,138.79614,1270.5908,714.4413,0.94747525,4.0
133,499.59592,0.5845032,850.9491,712.08386,0.93191177,0.0
134,975.34796,139.69028,1270.8131,714.8782,0.94710875,4.0
134,499.55682,1.0896912,847.8055,712.89355,0.9341427,0.0
135,994.86804,142.76834,1271.0594,715.5812,0.94647044,4.0
135,502.3084,1.6827393,839.3477,712.89813,0.9332854,0.0
135,1006.05566,145.07582,1268.907,466.26654,0.57464594,1.0
136,1000.0326,147.7125,1271.9274,715.67737,0.93957335,4.0
136,504.5194,2.4139404,833.9662,711.94775,0.9279029,0.0
136,1011.96075,152.73586,1269.3945,458.98395,0.8777898,1.0
137,1007.03894,147.17902,1271.3558,714.5588,0.93692183,4.0
137,506.17773,2.7315063,830.1637,711.63824,0.92759985,0.0
137,1017.3213,161.35957,1271.8862,468.01422,0.87852675,1.0
138,1008.1743,161.68237,1271.0481,715.7302,0.9538192,4.0
138,507.2849,2.4624634,827.9071,711.9528,0.92892784,0.0
138,1020.9085,168.22134,1271.5571,502.18567,0.81448835,1.0
139,1009.43524,169.68579,1270.0354,717.7524,0.94851464,4.0
139,507.2893,2.332611,834.3168,713.00134,0.93073267,0.0
139,1030.0962,173.31606,1271.9199,503.0797,0.8865595,1.0
140,507.54047,2.3150635,843.7714,713.9734,0.9324731,0.0
140,1021.7372,175.91318,1273.163,716.2418,0.9273141,4.0
140,1038.6017,174.10571,1271.0399,519.373,0.80258363,1.0
141,510.8306,2.007721,847.73975,713.9866,0.934651,0.0
141,1030.0314,172.44669,1273.0853,716.54297,0.92217207,4.0
141,1044.5874,172.65967,1269.5796,527.1703,0.8220052,1.0
142,514.874,1.8994446,853.0293,714.19995,0.92833054,0.0
142,1028.3899,164.36127,1273.073,715.15186,0.9165916,4.0
142,1050.1033,165.43062,1269.7908,447.52313,0.86219573,1.0
143,524.7346,2.0871887,853.91406,714.0553,0.91360795,0.0
143,1014.42334,149.82925,1272.6387,714.58105,0.9125591,4.0
143,1067.3335,154.985,1270.7915,427.45093,0.862679,1.0
144,954.1288,136.1409,1271.6649,714.1146,0.92355496,4.0
144,536.308,0.0,857.1637,718.92957,0.88935715,0.0
145,883.49225,273.90176,1255.9424,457.28116,0.92874366,5.0
145,887.05304,128.28134,1269.8181,716.5547,0.91629654,4.0
145,548.2432,0.8166504,846.9777,713.23083,0.89132357,0.0
146,765.5173,240.33868,1254.3082,432.5421,0.9085258,5.0
146,562.9415,0.0,852.7739,712.9942,0.88073623,0.0
146,772.2976,119.89542,1262.985,715.0596,0.8635452,4.0
147,739.99176,115.83536,1262.5454,715.9231,0.95674384,4.0
147,552.84546,0.17138672,839.9468,714.63025,0.88298357,0.0
147,736.4767,227.6301,1241.0125,430.59445,0.85306305,5.0
148,553.4479,0.39434814,824.9713,709.8636,0.9274801,0.0
148,765.1406,125.43579,1261.9144,715.6255,0.9236626,4.0
148,768.6078,245.89282,1250.6434,433.7522,0.9188002,5.0
149,542.5103,0.0,816.36945,713.073,0.93632853,0.0
149,801.8156,136.0998,1270.13,716.8256,0.92545086,4.0
149,793.456,266.3059,1241.3722,450.37366,0.8142742,5.0
150,526.11224,0.0,811.3117,713.4864,0.9365847,0.0
150,827.8026,301.8517,1247.6212,471.54025,0.91695416,5.0
150,827.6864,135.64392,1270.7982,717.2306,0.89307517,4.0
151,507.27332,1.5141296,815.7103,711.5708,0.93171346,0.0
151,849.664,310.14386,1251.5254,498.73608,0.9214756,5.0
151,850.51404,139.15881,1272.1447,718.4471,0.67041045,4.0
152,486.27484,1.5394592,820.65643,711.7816,0.92388654,0.0
152,876.59753,321.2028,1257.8881,514.75714,0.89149106,5.0
152,872.2774,140.0651,1269.7848,719.182,0.8523667,4.0
153,466.52393,1.7611694,832.8561,711.5368,0.904508,0.0
153,892.7325,304.39,1262.4497,522.46063,0.8208062,5.0
153,888.4419,138.97421,1272.0679,719.30225,0.7313771,4.0
154,458.4901,0.9500427,837.5248,710.407,0.90508753,0.0
154,910.33014,139.45816,1271.3372,715.2024,0.9026948,4.0
155,932.31995,142.18503,1272.8263,714.69934,0.94883394,4.0
155,451.8607,1.484314,841.7228,710.7912,0.8830161,0.0
155,947.7524,141.7713,1265.3987,450.859,0.7069167,1.0
156,953.6495,138.16693,1272.0466,714.8464,0.94601595,4.0
156,449.95914,1.6433411,841.8779,711.5321,0.8629846,0.0
156,961.70013,137.2076,1271.1703,485.87335,0.6821558,1.0
157,981.03076,135.74533,1272.3499,716.704,0.93864095,4.0
157,988.5799,137.90924,1271.5903,500.39862,0.8893188,1.0
157,448.8865,0.7896118,827.9418,712.7054,0.8410976,0.0
158,991.92004,135.35986,1272.0433,716.3053,0.9364563,4.0
158,457.3067,1.2144165,815.5219,711.741,0.86678255,0.0
158,997.9758,138.05128,1270.7681,499.4897,0.75870055,1.0
159,989.3447,135.52414,1272.0681,715.2859,0.93253,4.0
159,463.94217,1.3155823,811.06323,710.6719,0.8705613,0.0
159,1004.7904,140.68092,1271.3405,522.26697,0.69500726,1.0
160,992.0729,143.33087,1271.4952,714.83154,0.93326914,4.0
160,467.9518,1.2102356,805.65344,711.43567,0.8780486,0.0
160,1018.5424,146.50235,1268.6204,381.22983,0.5692453,1.0
161,998.6618,152.73303,1271.8776,715.74176,0.93764466,4.0
161,472.21307,0.0,819.4676,715.70764,0.87639624,0.0
161,1021.3271,153.99268,1272.0542,505.09558,0.6390685,1.0
162,999.4691,148.77124,1270.0594,717.7937,0.93627656,4.0
162,473.05377,0.0,827.436,716.19275,0.9075699,0.0
162,1040.8455,159.54709,1271.3447,460.85825,0.81217307,1.0
163,1004.98804,155.38068,1273.1155,716.5215,0.9370082,4.0
163,479.61316,0.0,830.4657,715.77325,0.9255108,0.0
163,1036.5013,161.68796,1271.4503,479.50406,0.9142118,1.0
164,493.95255,0.33343506,832.33215,713.37683,0.92886,0.0
164,1014.3006,157.71475,1273.2423,715.0951,0.9252248,4.0
164,1042.1469,158.00952,1271.6105,492.39,0.6444675,1.0
165,507.29224,0.51828,830.6631,713.1362,0.9322839,0.0
165,1025.8308,150.39667,1271.6619,713.93164,0.92964625,4.0
165,1054.8466,151.16693,1267.2863,451.67236,0.74396724,1.0
166,527.2344,1.7487488,830.8567,712.39185,0.9251073,0.0
166,1015.18384,141.02646,1272.6538,714.775,0.90449816,4.0
166,1055.0256,143.18427,1268.7507,463.3553,0.8247993,1.0
167,983.3842,130.14774,1273.2213,715.74524,0.92772096,4.0
167,548.86865,2.2121887,826.04395,711.4718,0.91699004,0.0
167,1061.2509,135.53677,1271.5773,433.51352,0.7337488,1.0
168,566.36255,1.8217468,829.74194,710.1725,0.89251226,0.0
168,918.41644,117.40961,1266.6509,720.0,0.80360836,4.0
168,920.44824,298.92578,1264.9414,492.05066,0.7841849,5.0
169,801.1582,121.90811,1269.3945,716.2825,0.9137123,4.0
169,581.4657,1.7597351,841.71643,709.82434,0.90816224,0.0
169,798.6461,290.4964,1261.7631,460.53857,0.88795435,5.0
170,749.1369,106.69534,1263.4912,714.947,0.9412393,4.0
170,570.35785,0.0,850.0308,712.7977,0.8805612,0.0
170,747.50745,236.22882,1248.8463,450.67548,0.83969736,5.0
171,758.94824,115.910126,1264.265,716.40784,0.9424636,4.0
171,760.1962,252.56085,1253.1431,448.01398,0.89130193,5.0
171,564.60315,0.69595337,833.1681,712.3771,0.8757933,0.0
172,563.9226,2.111145,818.1161,709.309,0.93065757,0.0
172,773.927,261.5588,1254.6237,462.46902,0.9007424,5.0
172,774.9709,121.07724,1264.7125,716.3406,0.8570057,4.0
173,553.8479,2.5310974,809.9523,708.7228,0.9370537,0.0
173,808.8433,124.68515,1270.6858,718.07434,0.8624773,4.0
173,809.84576,292.60214,1258.1882,479.7764,0.841068,5.0
174,537.1035,0.66815186,808.2842,715.38165,0.9355565,0.0
174,842.2462,311.03012,1255.1569,506.26562,0.905132,5.0
174,845.8684,144.96808,1269.5444,693.36786,0.3904619,4.0
175,514.7912,1.740448,817.08453,713.0906,0.93007976,0.0
175,874.98755,310.16736,1266.7905,525.1601,0.80561036,5.0
175,875.2545,308.7124,1266.4354,525.3246,0.49503592,4.0
176,496.75745,1.1793213,829.01135,711.3285,0.93072945,0.0
176,910.2057,311.8801,1265.3141,525.06494,0.820603,5.0
176,907.21576,307.79065,1261.4071,528.6452,0.56083906,4.0
177,480.87958,1.3789673,840.4814,708.96234,0.92695576,0.0
177,933.10455,134.63593,1269.1727,707.0148,0.88971406,4.0
177,1086.9769,134.35474,1269.9528,426.50214,0.6753267,1.0
177,936.9137,293.05237,1268.3185,536.5601,0.13854508,5.0
178,963.52527,130.14465,1271.6925,715.3216,0.9444161,4.0
178,473.145,1.5712585,841.60645,709.3992,0.92494214,0.0
178,986.166,133.52246,1269.3809,430.25476,0.831179,1.0
179,1005.2387,125.763855,1269.4518,715.6236,0.9369042,4.0
179,470.2199,2.0020142,840.65985,710.1154,0.9197469,0.0
179,1020.79083,131.99211,1273.5837,431.12512,0.9105393,1.0
180,474.87985,2.2344055,826.0122,710.2899,0.9063598,0.0
180,1043.717,121.66293,1270.7517,717.95984,0.90092415,4.0
180,1054.7334,131.22519,1271.6326,439.71475,0.84086454,1.0
181,1058.0635,128.4859,1274.7959,715.77655,0.9167194,4.0
181,476.4464,2.5438843,821.6293,709.5313,0.9005509,0.0
181,1071.4121,128.66368,1273.5833,429.4724,0.7398115,1.0
182,479.4944,0.0,820.6653,712.7558,0.9134409,0.0
182,1059.6179,129.03305,1275.2644,720.0,0.9132294,4.0
182,1075.5708,130.17613,1272.4751,378.30383,0.46144015,1.0
183,481.96814,0.0,820.2682,713.291,0.9179122,0.0
183,1061.6726,137.52252,1275.2197,715.0682,0.9069786,4.0
183,1079.2294,139.09714,1273.8739,364.3539,0.79570305,1.0
184,482.50275,0.0,824.8199,713.97034,0.9220751,0.0
184,1070.0485,142.4375,1270.9388,720.0,0.92102146,4.0
184,1082.7172,142.68718,1273.2355,446.0877,0.77689797,1.0
185,1068.1107,149.44241,1271.1425,716.76843,0.92959917,4.0
185,483.51013,2.8159485,837.5067,710.2678,0.92886305,0.0
185,1074.4685,152.4947,1273.5747,480.87653,0.8262993,1.0
186,1063.874,147.78201,1272.4729,719.359,0.9359494,4.0
186,488.23306,2.709259,846.0404,710.0321,0.9315927,0.0
186,1078.0146,158.81148,1275.2112,467.6319,0.8526265,1.0
187,497.5156,2.5574036,846.61743,710.75757,0.9323177,0.0
187,1054.345,154.00134,1276.4507,719.8381,0.9175064,4.0
187,1077.385,158.01984,1273.6228,508.43628,0.90714765,1.0
188,509.22794,2.2077637,843.8639,712.5896,0.9303211,0.0
188,1052.93,149.73157,1277.5494,716.45624,0.8987148,4.0
188,1075.869,152.47624,1275.4349,552.5077,0.3163094,1.0
189,519.5164,1.4976807,842.3653,712.80695,0.9249777,0.0
189,1054.8319,140.90631,1278.4427,717.2054,0.90397453,4.0
189,1067.0605,144.30655,1275.6924,559.0912,0.21752702,1.0
190,535.68317,1.074707,836.2934,712.5905,0.91854244,0.0
190,1023.2515,135.46439,1275.8905,718.1157,0.7973984,4.0
190,1075.2654,136.8279,1274.7986,456.18805,0.6942638,1.0
191,955.2465,128.88925,1271.6816,720.0,0.9217851,4.0
191,548.6046,1.4299011,837.8263,712.89954,0.9040678,0.0
191,1083.0868,132.85562,1272.9176,417.7548,0.7344772,1.0
192,559.81415,1.1188354,841.9195,711.9455,0.87474734,0.0
192,880.6323,300.6987,1261.4907,486.69168,0.8553918,5.0
192,883.3613,120.6297,1269.6877,720.0,0.73501456,4.0
193,767.2653,238.54697,1254.5276,457.59836,0.907158,5.0
193,569.94025,0.7935791,853.8564,711.9907,0.8994387,0.0
193,770.57715,118.20822,1267.778,714.96094,0.83004004,4.0
194,746.81226,114.90646,1265.9663,715.5122,0.9494379,4.0
194,746.8254,236.69534,1247.5457,448.1182,0.8771864,5.0
194,567.72833,0.7468262,850.3912,713.7749,0.83602893,0.0
195,766.4512,124.16452,1263.9641,716.1305,0.92378974,4.0
195,764.74023,252.15686,1253.8018,455.06732,0.9164073,5.0
195,562.4608,1.7490234,828.64185,712.2859,0.90736437,0.0
196,556.3259,2.0132446,818.06006,708.96295,0.9365953,0.0
196,777.952,260.15567,1252.2103,464.41507,0.87981033,5.0
196,784.8131,131.55026,1269.7164,716.46594,0.79915494,4.0
197,543.36694,1.0267944,813.3518,714.23694,0.93788695,0.0
197,800.782,299.3724,1254.5791,483.27798,0.7538479,5.0
197,797.52356,125.464966,1271.7225,718.0608,0.7520861,4.0
198,522.2302,0.82788086,815.9922,716.133,0.9371764,0.0
198,818.1366,309.90088,1261.0287,496.41058,0.9238325,5.0
198,820.4269,131.79474,1268.4364,718.3049,0.31131175,4.0
199,501.23062,0.0,825.2477,712.7356,0.937372,0.0
199,849.1043,304.0834,1255.5205,514.05536,0.90374875,5.0
199,852.10645,162.3996,1267.3701,672.08685,0.4562564,4.0
200,485.93335,0.4569397,838.2396,710.3508,0.93468934,0.0
200,883.12726,294.78482,1262.3811,527.17896,0.7746589,5.0
200,883.3409,286.6972,1262.5248,533.83954,0.59789085,4.0
200,1071.948,128.12634,1270.9961,417.56445,0.5895126,1.0
201,474.02872,1.2134094,845.1687,710.0879,0.9324768,0.0
201,915.3592,120.32971,1272.3975,715.50165,0.9306773,4.0
201,1064.9167,125.52232,1272.596,414.82178,0.57548106,1.0
202,945.75104,119.01776,1270.9766,715.9292,0.95028794,4.0
202,467.17822,1.4379883,852.1759,710.5672,0.93067545,0.0
202,964.7748,123.92638,1270.5287,425.99225,0.90951675,1.0
203,986.64,122.22797,1271.2389,714.9481,0.9444446,4.0
203,465.94116,1.3561401,847.1572,711.4437,0.9251598,0.0
203,999.5559,123.087875,1271.8789,432.16913,0.8542291,1.0
204,1013.1739,123.07852,1269.922,719.04004,0.94312227,4.0
204,469.05444,1.671875,835.6749,710.63196,0.9182119,0.0
204,1017.2434,126.51715,1272.6973,426.24622,0.84558797,1.0
205,475.01917,0.0,823.94226,715.41174,0.9160695,0.0
205,1029.2833,126.40085,1269.7096,718.97534,0.84544384,4.0
205,1036.0583,133.05147,1272.0544,436.82935,0.7346065,1.0
206,480.42474,0.0,817.2668,715.1096,0.9127565,0.0
206,1035.5754,145.95908,1273.9707,715.00964,0.8995159,4.0
206,1041.1555,146.91757,1272.0168,481.3937,0.85805506,1.0
207,1039.0859,156.19366,1274.7761,715.8356,0.9231564,4.0
207,481.88202,0.0,817.3604,715.13605,0.9182859,0.0
207,1044.6637,157.84447,1270.9696,453.2741,0.82866126,1.0
208,1041.0347,164.17252,1274.9697,716.44116,0.92856807,4.0
208,478.6446,0.0,828.3603,717.1089,0.9201722,0.0
208,1049.0406,165.5647,1273.049,469.511,0.8870082,1.0
209,1036.6709,166.28311,1275.2166,717.3237,0.92705244,4.0
209,479.73224,1.8289795,833.5538,712.78125,0.9266146,0.0
209,1049.8892,167.47197,1273.7651,496.57654,0.89686465,1.0
210,485.2801,1.4646606,838.56915,712.8261,0.93131083,0.0
210,1036.9021,166.07672,1277.3469,717.19836,0.91479486,4.0
210,1051.8125,165.5944,1273.7852,520.21356,0.8976051,1.0
211,493.6107,1.552185,841.36414,713.0436,0.9336212,0.0
211,1039.1366,158.39557,1276.3356,716.7045,0.9243473,4.0
211,1061.3488,158.87976,1273.8788,491.7743,0.7346777,1.0
212,507.08978,1.9960327,842.44855,713.1667,0.93192375,0.0
212,1028.485,148.05676,1275.5387,715.0078,0.89672804,4.0
212,1066.2993,148.2115,1274.0488,454.10492,0.76305616,1.0
213,519.1514,2.4680786,841.3144,712.8346,0.9266237,0.0
213,1005.06525,134.81592,1272.0599,714.53265,0.9162851,4.0
213,1073.3859,136.51314,1272.4576,422.15564,0.89116174,1.0
214,531.99347,2.1620483,837.35004,712.2203,0.9206114,0.0
214,942.6533,119.34042,1272.8704,718.266,0.8910392,4.0
214,1055.8529,125.226395,1273.5409,428.44366,0.57241887,1.0
214,944.6483,291.58798,1264.2614,502.66394,0.14522712,5.0
215,864.70105,119.25833,1269.7565,717.4133,0.95187056,4.0
215,550.7858,0.0,838.2453,716.9337,0.91150475,0.0
215,855.16064,272.3813,1254.3643,454.8698,0.9088705,5.0
215,1074.2205,124.40874,1270.0686,412.10663,0.42527655,1.0
216,744.7649,101.334076,1263.9672,715.55334,0.94561523,4.0
216,548.36487,0.0,855.79944,714.11926,0.87680745,0.0
216,738.94476,224.42249,1253.2686,434.19153,0.81039464,5.0
217,726.6267,107.75104,1264.6824,715.80896,0.9556138,4.0
217,546.4407,0.0,841.3888,714.35596,0.8974236,0.0
217,723.70825,211.35956,1245.9789,433.7954,0.8496525,5.0
218,753.9977,116.25751,1263.4952,716.13904,0.95890594,4.0
218,553.93054,0.41192627,825.51843,709.9805,0.92945015,0.0
218,748.193,230.10406,1244.8416,437.18213,0.88318706,5.0
219,546.37256,0.39431763,821.45776,708.0122,0.93641436,0.0
219,783.3598,254.60599,1224.0433,455.38846,0.9057366,5.0
219,787.3274,129.54507,1268.8347,718.2887,0.810895,4.0
220,536.22845,0.0,816.9959,713.282,0.9349369,0.0
220,816.07935,297.37442,1253.3003,483.08688,0.8620317,5.0
220,814.48987,125.16351,1271.2919,718.09,0.72836226,4.0
221,520.1319,0.92526245,820.64813,715.9608,0.9319457,0.0
221,841.4849,317.71536,1256.0859,510.80603,0.92384374,5.0
221,847.59406,132.14557,1274.7029,719.91876,0.3264372,4.0
222,507.50195,1.3542786,824.96814,713.65125,0.9319505,0.0
222,868.55426,325.85034,1261.8231,525.8018,0.8597134,5.0
222,867.338,132.75677,1268.0465,720.0,0.34101766,4.0
223,496.354,1.1375732,837.1986,712.8656,0.9345993,0.0
223,891.92334,322.29974,1262.221,543.1498,0.8573295,5.0
223,887.83716,126.94617,1272.1279,720.0,0.6172131,4.0
224,488.9353,0.9077759,840.8308,711.38214,0.93339473,0.0
224,913.0784,311.81952,1267.8575,550.2813,0.7245936,5.0
224,910.51434,201.8741,1268.8318,652.9353,0.5844028,4.0
225,929.6721,121.39258,1270.2781,718.27075,0.95612836,4.0
225,484.0293,1.032959,845.2168,711.24677,0.9315082,0.0
226,947.7194,127.259766,1271.5503,716.2139,0.9425304,4.0
226,484.65192,1.573883,847.3298,712.2073,0.93168837,0.0
226,970.60236,131.016,1268.5283,465.57452,0.31956992,1.0
227,977.0608,134.8407,1271.1733,715.70056,0.9421419,4.0
227,490.76437,2.4389648,838.78,712.3469,0.92864406,0.0
227,991.5372,138.11046,1270.4794,460.17786,0.73459584,1.0
228,994.3014,141.8685,1271.8368,716.155,0.9431858,4.0
228,497.24548,2.1221008,829.09265,711.9717,0.926023,0.0
228,1004.6876,146.13835,1271.8217,465.68555,0.782492,1.0
229,1001.316,148.98932,1273.571,716.863,0.9378826,4.0
229,506.12784,2.4337158,823.65234,710.84564,0.92526066,0.0
229,1015.25555,153.73006,1273.4631,466.00323,0.8672794,1.0
230,1007.5236,147.6843,1271.4742,714.4884,0.9356501,4.0
230,508.97217,2.2330627,826.18665,711.32385,0.9268211,0.0
230,1042.0302,160.74538,1274.3378,460.17444,0.8352152,1.0
231,1011.70465,156.97665,1273.3181,719.74915,0.93435806,4.0
231,511.72278,2.3648376,828.5968,712.0117,0.92938954,0.0
231,1050.8611,165.88945,1274.3743,460.403,0.87924606,1.0
232,515.5225,2.6537476,835.9543,713.1973,0.93056315,0.0
232,1019.99646,161.74374,1273.5206,716.01746,0.9124159,4.0
232,1056.9854,165.8825,1273.9812,477.06702,0.84169406,1.0
233,520.9224,1.9467468,842.1971,713.5231,0.93089306,0.0
233,1039.0765,163.45154,1276.1371,718.12427,0.9085935,4.0
233,1055.0946,163.70757,1271.2738,505.5418,0.8788011,1.0
234,526.4845,1.8284912,847.0846,713.59515,0.9224957,0.0
234,1038.6433,154.08081,1276.1301,718.5916,0.900942,4.0
234,1061.1664,154.09546,1271.9513,482.34442,0.17503728,1.0
235,1033.5331,144.61548,1273.7301,715.0844,0.9003393,4.0
235,540.0597,0.0,851.8385,719.12195,0.8727113,0.0
235,1073.446,144.64888,1272.791,418.7812,0.77728635,1.0
236,984.94806,130.37769,1272.1554,715.22015,0.9309515,4.0
236,549.8318,0.0,852.5231,718.17285,0.83199126,0.0
236,1080.4973,136.2207,1272.4446,395.87384,0.7840452,1.0
237,924.14526,126.2175,1270.595,716.3329,0.9025838,4.0
237,568.91785,0.9618225,851.57996,710.698,0.9001268,0.0
237,924.8781,279.02264,1261.9006,464.27618,0.8832515,5.0
237,1082.8763,132.78334,1272.0321,435.8459,0.64884996,1.0
